<?xml version="1.0" encoding="UTF-8"?>
<con:soapui-project id="10a2f045-86f6-40a8-ba26-ac0d4865895a" activeEnvironment="Default" name="izibiz-emutabakat" soapui-version="5.4.0" abortOnError="false" runType="SEQUENTIAL" xmlns:con="http://eviware.com/soapui/config"><con:settings/><con:interface xsi:type="con:WsdlInterface" id="7bb5ee40-94fa-4a7c-811c-1faff89ae959" wsaVersion="NONE" name="AuthenticationPortBinding" type="wsdl" bindingName="{http://schemas.i2i.com/ei/wsdl}AuthenticationPortBinding" soapVersion="1_1" anonymous="optional" definition="https://efaturatest.izibiz.com.tr/AuthenticationWS?wsdl" xmlns:xsi="http://www.w3.org/2001/XMLSchema-instance"><con:settings/><con:definitionCache type="TEXT" rootPart="https://efaturatest.izibiz.com.tr/AuthenticationWS?wsdl"><con:part><con:url>https://efaturatest.izibiz.com.tr/AuthenticationWS?wsdl</con:url><con:content><![CDATA[<!--Published by JAX-WS RI at http://jax-ws.dev.java.net. RI's version is Metro/2.3 (tags/2.3-7528; 2013-04-29T19:34:10+0000) JAXWS-RI/2.2.8 JAXWS/2.2 svn-revision#unknown.-->
<wsdl:definitions name="AuthenticationService" targetNamespace="http://schemas.i2i.com/ei/wsdl" xmlns:soap="http://schemas.xmlsoap.org/wsdl/soap/" xmlns:wsdl="http://schemas.xmlsoap.org/wsdl/" xmlns:xsd="http://www.w3.org/2001/XMLSchema" xmlns:tns="http://schemas.i2i.com/ei/wsdl" xmlns:gib1="http://gib.gov.tr/vedop3/eFatura">
  <!--TYPES-->
  <wsdl:types>
    <xsd:schema>
      <xsd:import namespace="http://schemas.i2i.com/ei/wsdl" schemaLocation="https://efaturatest.izibiz.com.tr:443/AuthenticationWS?xsd=1"/>
    </xsd:schema>
  </wsdl:types>
  <!--MESSAGES-->
  <wsdl:message name="LoginRequestMessage">
    <wsdl:part name="request" element="tns:LoginRequest"/>
  </wsdl:message>
  <wsdl:message name="LoginResponseMessage">
    <wsdl:part name="response" element="tns:LoginResponse"/>
  </wsdl:message>
  <wsdl:message name="LogoutRequestMessage">
    <wsdl:part name="request" element="tns:LogoutRequest"/>
  </wsdl:message>
  <wsdl:message name="LogoutResponseMessage">
    <wsdl:part name="response" element="tns:LogoutResponse"/>
  </wsdl:message>
  <wsdl:message name="GetGibUserListRequestMessage">
    <wsdl:part name="request" element="tns:GetGibUserListRequest"/>
  </wsdl:message>
  <wsdl:message name="GetGibUserListResponseMessage">
    <wsdl:part name="response" element="tns:GetGibUserListResponse"/>
  </wsdl:message>
  <wsdl:message name="CheckUserRequestMessage">
    <wsdl:part name="request" element="tns:CheckUserRequest"/>
  </wsdl:message>
  <wsdl:message name="CheckUserResponseMessage">
    <wsdl:part name="response" element="tns:CheckUserResponse"/>
  </wsdl:message>
  <wsdl:message name="GetUserAuthorizationRequestMessage">
    <wsdl:part name="request" element="tns:GetUserAuthorizationRequest"/>
  </wsdl:message>
  <wsdl:message name="GetUserAuthorizationResponseMessage">
    <wsdl:part name="response" element="tns:GetUserAuthorizationResponse"/>
  </wsdl:message>
  <!--FAULT-->
  <wsdl:message name="RequestFaultMessage">
    <wsdl:part name="parameters" element="tns:RequestFault"/>
  </wsdl:message>
  <!--PORT-->
  <wsdl:portType name="AuthenticationServicePort">
    <!--DESPATCH OPERATIONS-->
    <wsdl:operation name="Login">
      <wsdl:input message="tns:LoginRequestMessage"/>
      <wsdl:output message="tns:LoginResponseMessage"/>
      <wsdl:fault name="RequestFault" message="tns:RequestFaultMessage"/>
    </wsdl:operation>
    <wsdl:operation name="Logout">
      <wsdl:input message="tns:LogoutRequestMessage"/>
      <wsdl:output message="tns:LogoutResponseMessage"/>
      <wsdl:fault name="RequestFault" message="tns:RequestFaultMessage"/>
    </wsdl:operation>
    <wsdl:operation name="GetGibUserList">
      <wsdl:input message="tns:GetGibUserListRequestMessage"/>
      <wsdl:output message="tns:GetGibUserListResponseMessage"/>
      <wsdl:fault name="RequestFault" message="tns:RequestFaultMessage"/>
    </wsdl:operation>
    <wsdl:operation name="CheckUser">
      <wsdl:input message="tns:CheckUserRequestMessage"/>
      <wsdl:output message="tns:CheckUserResponseMessage"/>
      <wsdl:fault name="RequestFault" message="tns:RequestFaultMessage"/>
    </wsdl:operation>
    <wsdl:operation name="GetUserAuthorization">
      <wsdl:input message="tns:GetUserAuthorizationRequestMessage"/>
      <wsdl:output message="tns:GetUserAuthorizationResponseMessage"/>
      <wsdl:fault name="RequestFault" message="tns:RequestFaultMessage"/>
    </wsdl:operation>
    <!--USER OPERATIONS-->
  </wsdl:portType>
  <!--BINDING-->
  <wsdl:binding name="AuthenticationPortBinding" type="tns:AuthenticationServicePort">
    <soap:binding style="document" transport="http://schemas.xmlsoap.org/soap/http"/>
    <wsdl:operation name="Login">
      <soap:operation soapAction=""/>
      <wsdl:input>
        <soap:body use="literal"/>
      </wsdl:input>
      <wsdl:output>
        <soap:body use="literal"/>
      </wsdl:output>
      <wsdl:fault name="RequestFault">
        <soap:fault name="RequestFault" use="literal"/>
      </wsdl:fault>
    </wsdl:operation>
    <wsdl:operation name="Logout">
      <soap:operation soapAction=""/>
      <wsdl:input>
        <soap:body use="literal"/>
      </wsdl:input>
      <wsdl:output>
        <soap:body use="literal"/>
      </wsdl:output>
      <wsdl:fault name="RequestFault">
        <soap:fault name="RequestFault" use="literal"/>
      </wsdl:fault>
    </wsdl:operation>
    <wsdl:operation name="GetGibUserList">
      <soap:operation soapAction=""/>
      <wsdl:input>
        <soap:body use="literal"/>
      </wsdl:input>
      <wsdl:output>
        <soap:body use="literal"/>
      </wsdl:output>
      <wsdl:fault name="RequestFault">
        <soap:fault name="RequestFault" use="literal"/>
      </wsdl:fault>
    </wsdl:operation>
    <wsdl:operation name="CheckUser">
      <soap:operation soapAction=""/>
      <wsdl:input>
        <soap:body use="literal"/>
      </wsdl:input>
      <wsdl:output>
        <soap:body use="literal"/>
      </wsdl:output>
      <wsdl:fault name="RequestFault">
        <soap:fault name="RequestFault" use="literal"/>
      </wsdl:fault>
    </wsdl:operation>
    <wsdl:operation name="GetUserAuthorization">
      <soap:operation soapAction=""/>
      <wsdl:input>
        <soap:body use="literal"/>
      </wsdl:input>
      <wsdl:output>
        <soap:body use="literal"/>
      </wsdl:output>
      <wsdl:fault name="RequestFault">
        <soap:fault name="RequestFault" use="literal"/>
      </wsdl:fault>
    </wsdl:operation>
  </wsdl:binding>
  <!--SERVICE-->
  <wsdl:service name="AuthenticationWS">
    <wsdl:port name="AuthenticationPort" binding="tns:AuthenticationPortBinding">
      <soap:address location="https://efaturatest.izibiz.com.tr:443/AuthenticationWS"/>
    </wsdl:port>
  </wsdl:service>
</wsdl:definitions>]]></con:content><con:type>http://schemas.xmlsoap.org/wsdl/</con:type></con:part><con:part><con:url>https://efaturatest.izibiz.com.tr:443/AuthenticationWS?xsd=1</con:url><con:content><![CDATA[<!--Published by JAX-WS RI at http://jax-ws.dev.java.net. RI's version is Metro/2.3 (tags/2.3-7528; 2013-04-29T19:34:10+0000) JAXWS-RI/2.2.8 JAXWS/2.2 svn-revision#unknown.-->
<xsd:schema targetNamespace="http://schemas.i2i.com/ei/wsdl" xmlns="http://schemas.i2i.com/ei/wsdl" xmlns:e="http://schemas.i2i.com/ei/entity" xmlns:xsd="http://www.w3.org/2001/XMLSchema" xmlns:pck="http://www.efatura.gov.tr/package-namespace" xmlns:xmime="http://www.w3.org/2005/05/xmlmime" xmlns:hr="http://www.hr-xml.org/3" xmlns:udt="urn:un:unece:uncefact:data:specification:UnqualifiedDataTypesSchemaModule:2" xmlns:c="http://schemas.i2i.com/ei/common">
  <xsd:import namespace="http://schemas.i2i.com/ei/common" schemaLocation="https://efaturatest.izibiz.com.tr:443/AuthenticationWS?xsd=2"/>
  <xsd:import namespace="http://schemas.i2i.com/ei/entity" schemaLocation="https://efaturatest.izibiz.com.tr:443/AuthenticationWS?xsd=3"/>
  <xsd:import namespace="http://www.w3.org/2005/05/xmlmime" schemaLocation="https://efaturatest.izibiz.com.tr:443/AuthenticationWS?xsd=4"/>
  <!--===========================================================-->
  <xsd:element name="RequestFault" type="e:REQUEST_ERRORType"/>
  <!--===========================================================-->
  <xsd:element name="LoginRequest" type="LoginRequest"/>
  <xsd:complexType name="LoginRequest">
    <xsd:complexContent>
      <xsd:extension base="e:REQUEST">
        <xsd:sequence>
          <xsd:element name="USER_NAME" type="xsd:string"/>
          <xsd:element name="PASSWORD" type="xsd:string"/>
        </xsd:sequence>
      </xsd:extension>
    </xsd:complexContent>
  </xsd:complexType>
  <xsd:element name="LoginResponse" type="LoginResponse"/>
  <xsd:complexType name="LoginResponse">
    <xsd:sequence>
      <xsd:element name="SESSION_ID" type="xsd:token"/>
      <xsd:element name="ERROR_TYPE" type="e:REQUEST_ERRORType" minOccurs="0"/>
    </xsd:sequence>
  </xsd:complexType>
  <!--===========================================================-->
  <xsd:element name="LogoutRequest" type="LogoutRequest"/>
  <xsd:complexType name="LogoutRequest">
    <xsd:complexContent>
      <xsd:extension base="e:REQUEST"></xsd:extension>
    </xsd:complexContent>
  </xsd:complexType>
  <xsd:element name="LogoutResponse" type="LogoutResponse"/>
  <xsd:complexType name="LogoutResponse">
    <xsd:sequence>
      <xsd:element name="REQUEST_RETURN" type="e:REQUEST_RETURNType" minOccurs="0"/>
      <xsd:element name="ERROR_TYPE" type="e:REQUEST_ERRORType" minOccurs="0"/>
    </xsd:sequence>
  </xsd:complexType>
  <!--===========================================================-->
  <xsd:element name="GetGibUserListRequest" type="GetGibUserListRequest"/>
  <xsd:complexType name="GetGibUserListRequest">
    <xsd:complexContent>
      <xsd:extension base="e:REQUEST">
        <xsd:sequence>
          <xsd:element name="TYPE" minOccurs="0" maxOccurs="1" default="XML">
            <xsd:simpleType>
              <xsd:restriction base="xsd:token">
                <xsd:enumeration value="CSV"/>
                <xsd:enumeration value="XML"/>
              </xsd:restriction>
            </xsd:simpleType>
          </xsd:element>
          <xsd:element name="DOCUMENT_TYPE" type="xsd:normalizedString" minOccurs="0"/>
          <xsd:element name="REGISTER_TIME_START" type="xsd:dateTime" minOccurs="0"/>
        </xsd:sequence>
      </xsd:extension>
    </xsd:complexContent>
  </xsd:complexType>
  <xsd:element name="GetGibUserListResponse" type="GetGibUserListResponse"/>
  <xsd:complexType name="GetGibUserListResponse">
    <xsd:choice>
      <xsd:element name="CONTENT" minOccurs="0" maxOccurs="1" type="xmime:base64Binary"/>
      <xsd:element name="ERROR_TYPE" type="e:REQUEST_ERRORType" minOccurs="0"/>
    </xsd:choice>
  </xsd:complexType>
  <!--===========================================================-->
  <xsd:element name="GetUserAuthorizationRequest" type="GetUserAuthorizationRequest"/>
  <xsd:complexType name="GetUserAuthorizationRequest">
    <xsd:complexContent>
      <xsd:extension base="e:REQUEST">
        <xsd:sequence>
          <xsd:element name="VKN_TCKNO" type="xsd:string"/>
          <xsd:element name="PRODUCT" type="PRODUCT"/>
          <xsd:element name="PRODUCT_DETAIL_FLAG" type="PRODUCT_DETAIL_FLAG"/>
        </xsd:sequence>
      </xsd:extension>
    </xsd:complexContent>
  </xsd:complexType>
  <xsd:element name="GetUserAuthorizationResponse" type="GetUserAuthorizationResponse"/>
  <xsd:complexType name="GetUserAuthorizationResponse">
    <xsd:sequence>
      <xsd:element name="AUTHORIZED" type="AUTHORIZED" minOccurs="0" maxOccurs="1"/>
      <xsd:element name="ERROR_TYPE" type="e:REQUEST_ERRORType" minOccurs="0"/>
      <xsd:element name="PRODUCT_LIST" type="PRODUCT_LIST" minOccurs="0" maxOccurs="1"/>
    </xsd:sequence>
  </xsd:complexType>
  <!--===========================================================-->
  <xsd:element name="CheckUserRequest" type="CheckUserRequest"/>
  <xsd:complexType name="CheckUserRequest">
    <xsd:complexContent>
      <xsd:extension base="e:REQUEST">
        <xsd:sequence>
          <xsd:element name="USER" type="GIBUSER" minOccurs="1"/>
          <xsd:element name="DOCUMENT_TYPE" type="xsd:normalizedString" minOccurs="0"/>
        </xsd:sequence>
      </xsd:extension>
    </xsd:complexContent>
  </xsd:complexType>
  <xsd:element name="CheckUserResponse" type="CheckUserResponse"/>
  <xsd:complexType name="CheckUserResponse">
    <xsd:sequence>
      <xsd:element name="ERROR_TYPE" type="e:REQUEST_ERRORType" minOccurs="0"/>
      <xsd:element name="USER" type="GIBUSER" minOccurs="0" maxOccurs="unbounded"/>
    </xsd:sequence>
  </xsd:complexType>
  <xsd:complexType name="GIBUSER">
    <xsd:sequence>
      <xsd:element name="IDENTIFIER" type="xsd:string" minOccurs="0"/>
      <xsd:element name="ALIAS" type="xsd:string" minOccurs="0"/>
      <xsd:element name="TITLE" type="xsd:string" minOccurs="0"/>
      <xsd:element name="TYPE" type="xsd:string" minOccurs="0"/>
      <xsd:element name="REGISTER_TIME" type="xsd:string" minOccurs="0"/>
      <xsd:element name="UNIT" type="xsd:token" minOccurs="0"/>
      <xsd:element name="ALIAS_CREATION_TIME" type="xsd:string" minOccurs="0"/>
      <xsd:element name="ACCOUNT_TYPE" type="xsd:string" minOccurs="0"/>
    </xsd:sequence>
  </xsd:complexType>
  <xsd:complexType name="PRODUCT_LIST">
    <xsd:sequence>
      <xsd:element name="PRODUCT" type="PRODUCT" minOccurs="0" maxOccurs="unbounded"/>
    </xsd:sequence>
  </xsd:complexType>
  <xsd:simpleType name="PRODUCT">
    <xsd:restriction base="xsd:token">
      <xsd:enumeration value="EINVOICE"/>
      <xsd:enumeration value="EARCHIVE"/>
      <xsd:enumeration value="EDESPATCH"/>
      <xsd:enumeration value="CREDITNOTE"/>
      <xsd:enumeration value="RECONCILIATION"/>
      <xsd:enumeration value="CONNECTOR"/>
      <xsd:enumeration value="ELEDGER"/>
      <xsd:enumeration value="ELEDGERARCHIVE"/>
      <xsd:enumeration value="EINVOICEARCHIVE"/>
      <xsd:enumeration value="EINVOICEARCHIVE"/>
      <xsd:enumeration value="ESMM"/>
    </xsd:restriction>
  </xsd:simpleType>
  <xsd:simpleType name="PRODUCT_DETAIL_FLAG">
    <xsd:restriction base="xsd:token">
      <xsd:enumeration value="Y"/>
      <xsd:enumeration value="N"/>
    </xsd:restriction>
  </xsd:simpleType>
  <xsd:simpleType name="AUTHORIZED">
    <xsd:restriction base="xsd:token">
      <xsd:enumeration value="Y"/>
      <xsd:enumeration value="N"/>
    </xsd:restriction>
  </xsd:simpleType>
</xsd:schema>]]></con:content><con:type>http://www.w3.org/2001/XMLSchema</con:type></con:part><con:part><con:url>https://efaturatest.izibiz.com.tr:443/AuthenticationWS?xsd=2</con:url><con:content><![CDATA[<!--Published by JAX-WS RI at http://jax-ws.dev.java.net. RI's version is Metro/2.3 (tags/2.3-7528; 2013-04-29T19:34:10+0000) JAXWS-RI/2.2.8 JAXWS/2.2 svn-revision#unknown.-->
<!--edited with XMLSpy v2008 rel. 2 (http://www.altova.com) by mazuki (darksiderg)-->
<!--edited with XMLSPY v5 rel. 3 U (http://www.xmlspy.com) by bt (home)-->
<!--generated by perl script pipedelimitedToAscii.pl-->
<xsd:schema targetNamespace="http://schemas.i2i.com/ei/common" xmlns="http://schemas.i2i.com/ei/common" xmlns:xsd="http://www.w3.org/2001/XMLSchema">
  <!--*************************************************************-->
  <!--*************************************************************-->
  <!--COMMON HELPER ENTITIES-->
  <!--*************************************************************-->
  <!--*************************************************************-->
  <xsd:complexType name="CHANGE_INFOType">
    <xsd:annotation>
      <xsd:documentation>Helper Entity; Contains information related to
				either Creation or Modification</xsd:documentation>
    </xsd:annotation>
    <xsd:sequence>
      <xsd:element name="CDATE" type="xsd:date">
        <xsd:annotation>
          <xsd:documentation>Create Date</xsd:documentation>
        </xsd:annotation>
      </xsd:element>
      <xsd:element name="CPOSITION_ID" type="xsd:long">
        <xsd:annotation>
          <xsd:documentation>Create Position ID</xsd:documentation>
        </xsd:annotation>
      </xsd:element>
      <xsd:element name="CUSER_ID" type="xsd:long">
        <xsd:annotation>
          <xsd:documentation>Create User ID</xsd:documentation>
        </xsd:annotation>
      </xsd:element>
      <xsd:element name="UDATE" type="xsd:date" minOccurs="0">
        <xsd:annotation>
          <xsd:documentation>Update Date</xsd:documentation>
        </xsd:annotation>
      </xsd:element>
      <xsd:element name="UPOSITION_ID" type="xsd:long" minOccurs="0">
        <xsd:annotation>
          <xsd:documentation>Update Position ID</xsd:documentation>
        </xsd:annotation>
      </xsd:element>
      <xsd:element name="UUSER_ID" type="xsd:long" minOccurs="0">
        <xsd:annotation>
          <xsd:documentation>Update User ID</xsd:documentation>
        </xsd:annotation>
      </xsd:element>
    </xsd:sequence>
  </xsd:complexType>
  <xsd:complexType name="LOV_VALUEType">
    <xsd:annotation>
      <xsd:documentation>Helper Entity; Holds LOV Value Type</xsd:documentation>
    </xsd:annotation>
    <xsd:sequence>
      <xsd:element name="LOV_ID" type="xsd:long">
        <xsd:annotation>
          <xsd:documentation>Indicates list of value ID</xsd:documentation>
        </xsd:annotation>
      </xsd:element>
      <xsd:element name="LOV_CODE" default="'N'" minOccurs="0">
        <xsd:annotation>
          <xsd:documentation>LOV Internal CODE</xsd:documentation>
        </xsd:annotation>
        <xsd:simpleType>
          <xsd:restriction base="xsd:token">
            <xsd:maxLength value="64"/>
          </xsd:restriction>
        </xsd:simpleType>
      </xsd:element>
    </xsd:sequence>
  </xsd:complexType>
  <xsd:complexType name="ATTRIBUTESTYPE">
    <xsd:annotation>
      <xsd:documentation>A generic name/value Attributes type</xsd:documentation>
    </xsd:annotation>
    <xsd:complexContent>
      <xsd:extension base="xsd:anyType">
        <xsd:attribute name="NAME" use="required">
          <xsd:simpleType>
            <xsd:restriction base="xsd:token">
              <xsd:minLength value="1"/>
              <xsd:maxLength value="64"/>
            </xsd:restriction>
          </xsd:simpleType>
        </xsd:attribute>
      </xsd:extension>
    </xsd:complexContent>
  </xsd:complexType>
  <xsd:complexType name="AmountType">
    <xsd:simpleContent>
      <xsd:extension base="xsd:decimal">
        <xsd:attribute name="currencyID" type="xsd:normalizedString" use="optional"></xsd:attribute>
        <xsd:attribute name="currencyCodeListVersionID" type="xsd:normalizedString" use="optional"></xsd:attribute>
      </xsd:extension>
    </xsd:simpleContent>
  </xsd:complexType>
  <xsd:complexType name="PARTINFO">
    <xsd:attribute name="VKN" type="xsd:normalizedString"/>
    <xsd:attribute name="IDENTIFIER" type="xsd:normalizedString"/>
  </xsd:complexType>
</xsd:schema>]]></con:content><con:type>http://www.w3.org/2001/XMLSchema</con:type></con:part><con:part><con:url>https://efaturatest.izibiz.com.tr:443/AuthenticationWS?xsd=3</con:url><con:content><![CDATA[<!--Published by JAX-WS RI at http://jax-ws.dev.java.net. RI's version is Metro/2.3 (tags/2.3-7528; 2013-04-29T19:34:10+0000) JAXWS-RI/2.2.8 JAXWS/2.2 svn-revision#unknown.-->
<!--edited with XMLSpy v2008 rel. 2 (http://www.altova.com) by mazuki (darksiderg)-->
<!--edited with XMLSPY v5 rel. 3 U (http://www.xmlspy.com) by bt (home)-->
<!--generated by perl script pipedelimitedToAscii.pl-->
<xsd:schema targetNamespace="http://schemas.i2i.com/ei/entity" xmlns="http://schemas.i2i.com/ei/entity" xmlns:xsd="http://www.w3.org/2001/XMLSchema" xmlns:c="http://schemas.i2i.com/ei/common">
  <xsd:import namespace="http://schemas.i2i.com/ei/common" schemaLocation="https://efaturatest.izibiz.com.tr:443/AuthenticationWS?xsd=2"/>
  <!--*************************************************************-->
  <!--*************************************************************-->
  <!--REQUEST INFO ENTITIES-->
  <!--*************************************************************-->
  <!--*************************************************************-->
  <xsd:complexType name="REQUEST">
    <xsd:sequence>
      <xsd:element name="REQUEST_HEADER" type="REQUEST_HEADERType"/>
    </xsd:sequence>
  </xsd:complexType>
  <xsd:complexType name="REQUEST_HEADERType">
    <xsd:annotation>
      <xsd:documentation>Request related information context including data
				such as SESSION_ID, INTL_TXN_ID etc.</xsd:documentation>
    </xsd:annotation>
    <xsd:sequence>
      <xsd:element name="SESSION_ID" type="xsd:token" minOccurs="1">
        <xsd:annotation>
          <xsd:documentation>Initiating domain Transaction ID of the action</xsd:documentation>
        </xsd:annotation>
      </xsd:element>
      <xsd:element name="CLIENT_TXN_ID" type="xsd:token" minOccurs="0">
        <xsd:annotation>
          <xsd:documentation>Initiating domain Transaction ID of the action</xsd:documentation>
        </xsd:annotation>
      </xsd:element>
      <xsd:element name="INTL_TXN_ID" type="xsd:long" minOccurs="0">
        <xsd:annotation>
          <xsd:documentation>Internal Transaction ID</xsd:documentation>
        </xsd:annotation>
      </xsd:element>
      <xsd:element name="INTL_PARENT_TXN_ID" type="xsd:long" minOccurs="0">
        <xsd:annotation>
          <xsd:documentation>Parent Transaction ID</xsd:documentation>
        </xsd:annotation>
      </xsd:element>
      <xsd:element name="ACTION_DATE" type="xsd:dateTime" minOccurs="0">
        <xsd:annotation>
          <xsd:documentation>Action Date provided by client system</xsd:documentation>
        </xsd:annotation>
      </xsd:element>
      <xsd:element name="CHANGE_INFO" type="c:CHANGE_INFOType" minOccurs="0">
        <xsd:annotation>
          <xsd:documentation>See CHANGE_INFO type</xsd:documentation>
        </xsd:annotation>
      </xsd:element>
      <xsd:element name="REASON" type="xsd:token" minOccurs="0">
        <xsd:annotation>
          <xsd:documentation>Reason of the Action</xsd:documentation>
        </xsd:annotation>
      </xsd:element>
      <xsd:element name="APPLICATION_NAME" type="xsd:token" minOccurs="0">
        <xsd:annotation>
          <xsd:documentation>Application Name</xsd:documentation>
        </xsd:annotation>
      </xsd:element>
      <xsd:element name="HOSTNAME" type="xsd:token" minOccurs="0">
        <xsd:annotation>
          <xsd:documentation>Initiating host name or IP address</xsd:documentation>
        </xsd:annotation>
      </xsd:element>
      <xsd:element name="CHANNEL_NAME" type="xsd:token" minOccurs="0">
        <xsd:annotation>
          <xsd:documentation>Initiating domain channel name of the action</xsd:documentation>
        </xsd:annotation>
      </xsd:element>
      <xsd:element name="SIMULATION_FLAG" type="xsd:token" minOccurs="0">
        <xsd:annotation>
          <xsd:documentation>A true or yes indicates that the request will be
						executed but not committed</xsd:documentation>
        </xsd:annotation>
      </xsd:element>
      <xsd:element name="COMPRESSED" type="xsd:token" minOccurs="0">
        <xsd:annotation>
          <xsd:documentation>Indicates parent message contains compressed
						content</xsd:documentation>
        </xsd:annotation>
      </xsd:element>
      <xsd:element name="ATTRIBUTES" type="c:ATTRIBUTESTYPE" minOccurs="0" maxOccurs="unbounded">
        <xsd:annotation>
          <xsd:documentation>Attributes array that composed by name-value
						pairs using for information manners.</xsd:documentation>
        </xsd:annotation>
      </xsd:element>
    </xsd:sequence>
  </xsd:complexType>
  <xsd:complexType name="REQUEST_RETURNType">
    <xsd:annotation>
      <xsd:documentation>Request response related context information
				including data such as RETURN_CODE, DETAILED_RESULT
				information etc.</xsd:documentation>
    </xsd:annotation>
    <xsd:sequence>
      <xsd:element name="INTL_TXN_ID" type="xsd:long">
        <xsd:annotation>
          <xsd:documentation>Internal TXN ID</xsd:documentation>
        </xsd:annotation>
      </xsd:element>
      <xsd:element name="CLIENT_TXN_ID" minOccurs="0" type="xsd:token">
        <xsd:annotation>
          <xsd:documentation>Initiating domain Transaction ID of the action</xsd:documentation>
        </xsd:annotation>
      </xsd:element>
      <xsd:element name="RETURN_CODE" type="xsd:int">
        <xsd:annotation>
          <xsd:documentation>Numeric return code of the action. 0: success,
						negative: failure, positive: success with warning</xsd:documentation>
        </xsd:annotation>
      </xsd:element>
      <xsd:element name="WARNINGS" type="xsd:string" minOccurs="0" maxOccurs="unbounded"/>
    </xsd:sequence>
  </xsd:complexType>
  <xsd:complexType name="REQUEST_ERRORType">
    <xsd:annotation>
      <xsd:documentation>This will be fault type</xsd:documentation>
    </xsd:annotation>
    <xsd:sequence>
      <xsd:element name="INTL_TXN_ID" type="xsd:long">
        <xsd:annotation>
          <xsd:documentation>Internal TXN ID</xsd:documentation>
        </xsd:annotation>
      </xsd:element>
      <xsd:element name="CLIENT_TXN_ID" minOccurs="0" type="xsd:token">
        <xsd:annotation>
          <xsd:documentation>Initiating domain Transaction ID of the action</xsd:documentation>
        </xsd:annotation>
      </xsd:element>
      <xsd:element name="ERROR_CODE" type="xsd:int">
        <xsd:annotation>
          <xsd:documentation>Error Code</xsd:documentation>
        </xsd:annotation>
      </xsd:element>
      <xsd:element name="ERROR_SHORT_DES" type="xsd:string">
        <xsd:annotation>
          <xsd:documentation>Error Short Description</xsd:documentation>
        </xsd:annotation>
      </xsd:element>
      <xsd:element name="ERROR_LONG_DES" type="xsd:string" minOccurs="0">
        <xsd:annotation>
          <xsd:documentation>Error Long Description</xsd:documentation>
        </xsd:annotation>
      </xsd:element>
      <xsd:element name="STACKTRACE" type="xsd:string" minOccurs="0">
        <xsd:annotation>
          <xsd:documentation>This is printStackTrace output...</xsd:documentation>
        </xsd:annotation>
      </xsd:element>
      <xsd:element name="ERROR_ELEMENT_INDEX" type="xsd:int" minOccurs="0">
        <xsd:annotation>
          <xsd:documentation>In case of multiple requests this is the failing
						element index</xsd:documentation>
        </xsd:annotation>
      </xsd:element>
    </xsd:sequence>
  </xsd:complexType>
  <xsd:complexType name="REQUEST_INFOType">
    <xsd:annotation>
      <xsd:documentation>Detailed Information about the status of a request</xsd:documentation>
    </xsd:annotation>
    <xsd:sequence>
      <xsd:element name="REQUEST_HEADER" type="REQUEST_HEADERType">
        <xsd:annotation>
          <xsd:documentation>See REQUEST_HEADER type</xsd:documentation>
        </xsd:annotation>
      </xsd:element>
      <xsd:element name="REQUEST_RETURN" type="REQUEST_RETURNType" minOccurs="0">
        <xsd:annotation>
          <xsd:documentation>See REQUEST_RETURNType</xsd:documentation>
        </xsd:annotation>
      </xsd:element>
      <xsd:element name="REQUEST_ERROR" type="REQUEST_ERRORType" minOccurs="0">
        <xsd:annotation>
          <xsd:documentation>See REQUEST_ERRORType</xsd:documentation>
        </xsd:annotation>
      </xsd:element>
    </xsd:sequence>
  </xsd:complexType>
</xsd:schema>]]></con:content><con:type>http://www.w3.org/2001/XMLSchema</con:type></con:part><con:part><con:url>https://efaturatest.izibiz.com.tr:443/AuthenticationWS?xsd=4</con:url><con:content><![CDATA[<!--Published by JAX-WS RI at http://jax-ws.dev.java.net. RI's version is Metro/2.3 (tags/2.3-7528; 2013-04-29T19:34:10+0000) JAXWS-RI/2.2.8 JAXWS/2.2 svn-revision#unknown.-->
<xs:schema targetNamespace="http://www.w3.org/2005/05/xmlmime" version="1.0" xmlns:tns="http://www.w3.org/2005/05/xmlmime" xmlns:xs="http://www.w3.org/2001/XMLSchema">
  <xs:complexType name="base64Binary">
    <xs:simpleContent>
      <xs:extension base="xs:base64Binary">
        <xs:attribute ref="tns:contentType"/>
      </xs:extension>
    </xs:simpleContent>
  </xs:complexType>
  <xs:complexType name="hexBinary">
    <xs:simpleContent>
      <xs:extension base="xs:string">
        <xs:attribute ref="tns:contentType"/>
      </xs:extension>
    </xs:simpleContent>
  </xs:complexType>
  <xs:attribute name="contentType" type="xs:string"/>
</xs:schema>]]></con:content><con:type>http://www.w3.org/2001/XMLSchema</con:type></con:part></con:definitionCache><con:endpoints><con:endpoint>https://efaturatest.izibiz.com.tr:443/AuthenticationWS</con:endpoint></con:endpoints><con:operation id="e9e765f1-4440-4dd8-be01-c51b2a8fac99" isOneWay="false" action="" name="CheckUser" bindingOperationName="CheckUser" type="Request-Response" inputName="" receivesAttachments="false" sendsAttachments="false" anonymous="optional"><con:settings/><con:call id="118b9fbd-75ea-4dfc-87be-6134f9aa3410" name="Request 1"><con:settings/><con:encoding>UTF-8</con:encoding><con:endpoint>https://efaturatest.izibiz.com.tr:443/AuthenticationWS</con:endpoint><con:request><![CDATA[<soapenv:Envelope xmlns:soapenv="http://schemas.xmlsoap.org/soap/envelope/" xmlns:wsdl="http://schemas.i2i.com/ei/wsdl">
   <soapenv:Header/>
   <soapenv:Body>
      <wsdl:CheckUserRequest>
         <REQUEST_HEADER>
            <SESSION_ID>?</SESSION_ID>
            <!--Optional:-->
            <CLIENT_TXN_ID>?</CLIENT_TXN_ID>
            <!--Optional:-->
            <INTL_TXN_ID>?</INTL_TXN_ID>
            <!--Optional:-->
            <INTL_PARENT_TXN_ID>?</INTL_PARENT_TXN_ID>
            <!--Optional:-->
            <ACTION_DATE>?</ACTION_DATE>
            <!--Optional:-->
            <CHANGE_INFO>
               <CDATE>?</CDATE>
               <CPOSITION_ID>?</CPOSITION_ID>
               <CUSER_ID>?</CUSER_ID>
               <!--Optional:-->
               <UDATE>?</UDATE>
               <!--Optional:-->
               <UPOSITION_ID>?</UPOSITION_ID>
               <!--Optional:-->
               <UUSER_ID>?</UUSER_ID>
            </CHANGE_INFO>
            <!--Optional:-->
            <REASON>?</REASON>
            <!--Optional:-->
            <APPLICATION_NAME>?</APPLICATION_NAME>
            <!--Optional:-->
            <HOSTNAME>?</HOSTNAME>
            <!--Optional:-->
            <CHANNEL_NAME>?</CHANNEL_NAME>
            <!--Optional:-->
            <SIMULATION_FLAG>?</SIMULATION_FLAG>
            <!--Optional:-->
            <COMPRESSED>?</COMPRESSED>
            <!--Zero or more repetitions:-->
            <ATTRIBUTES NAME="?">
               e
               <!--You may enter ANY elements at this point-->
               gero
            </ATTRIBUTES>
         </REQUEST_HEADER>
         <USER>
            <!--Optional:-->
            <IDENTIFIER>?</IDENTIFIER>
            <!--Optional:-->
            <ALIAS>?</ALIAS>
            <!--Optional:-->
            <TITLE>?</TITLE>
            <!--Optional:-->
            <TYPE>?</TYPE>
            <!--Optional:-->
            <REGISTER_TIME>?</REGISTER_TIME>
            <!--Optional:-->
            <UNIT>?</UNIT>
            <!--Optional:-->
            <ALIAS_CREATION_TIME>?</ALIAS_CREATION_TIME>
            <!--Optional:-->
            <ACCOUNT_TYPE>?</ACCOUNT_TYPE>
         </USER>
         <!--Optional:-->
         <DOCUMENT_TYPE>?</DOCUMENT_TYPE>
      </wsdl:CheckUserRequest>
   </soapenv:Body>
</soapenv:Envelope>]]></con:request><con:wsaConfig mustUnderstand="NONE" version="200508" action="http://schemas.i2i.com/ei/wsdl/AuthenticationServicePort/CheckUserRequest"/></con:call></con:operation><con:operation id="062e82c2-83a8-4866-a9d1-87bd5f038d62" isOneWay="false" action="" name="GetGibUserList" bindingOperationName="GetGibUserList" type="Request-Response" inputName="" receivesAttachments="false" sendsAttachments="false" anonymous="optional"><con:settings/><con:call id="750b9a15-ee0b-4a8e-9ce0-7af31b5de662" name="Request 1"><con:settings/><con:encoding>UTF-8</con:encoding><con:endpoint>https://efaturatest.izibiz.com.tr:443/AuthenticationWS</con:endpoint><con:request><![CDATA[<soapenv:Envelope xmlns:soapenv="http://schemas.xmlsoap.org/soap/envelope/" xmlns:wsdl="http://schemas.i2i.com/ei/wsdl">
   <soapenv:Header/>
   <soapenv:Body>
      <wsdl:GetGibUserListRequest>
         <REQUEST_HEADER>
            <SESSION_ID>?</SESSION_ID>
            <!--Optional:-->
            <CLIENT_TXN_ID>?</CLIENT_TXN_ID>
            <!--Optional:-->
            <INTL_TXN_ID>?</INTL_TXN_ID>
            <!--Optional:-->
            <INTL_PARENT_TXN_ID>?</INTL_PARENT_TXN_ID>
            <!--Optional:-->
            <ACTION_DATE>?</ACTION_DATE>
            <!--Optional:-->
            <CHANGE_INFO>
               <CDATE>?</CDATE>
               <CPOSITION_ID>?</CPOSITION_ID>
               <CUSER_ID>?</CUSER_ID>
               <!--Optional:-->
               <UDATE>?</UDATE>
               <!--Optional:-->
               <UPOSITION_ID>?</UPOSITION_ID>
               <!--Optional:-->
               <UUSER_ID>?</UUSER_ID>
            </CHANGE_INFO>
            <!--Optional:-->
            <REASON>?</REASON>
            <!--Optional:-->
            <APPLICATION_NAME>?</APPLICATION_NAME>
            <!--Optional:-->
            <HOSTNAME>?</HOSTNAME>
            <!--Optional:-->
            <CHANNEL_NAME>?</CHANNEL_NAME>
            <!--Optional:-->
            <SIMULATION_FLAG>?</SIMULATION_FLAG>
            <!--Optional:-->
            <COMPRESSED>?</COMPRESSED>
            <!--Zero or more repetitions:-->
            <ATTRIBUTES NAME="?">
               e
               <!--You may enter ANY elements at this point-->
               gero
            </ATTRIBUTES>
         </REQUEST_HEADER>
         <!--Optional:-->
         <TYPE>XML</TYPE>
         <!--Optional:-->
         <DOCUMENT_TYPE>?</DOCUMENT_TYPE>
         <!--Optional:-->
         <REGISTER_TIME_START>?</REGISTER_TIME_START>
      </wsdl:GetGibUserListRequest>
   </soapenv:Body>
</soapenv:Envelope>]]></con:request><con:wsaConfig mustUnderstand="NONE" version="200508" action="http://schemas.i2i.com/ei/wsdl/AuthenticationServicePort/GetGibUserListRequest"/></con:call></con:operation><con:operation id="999f5f56-d572-48b7-8b66-2852d15d5b4c" isOneWay="false" action="" name="GetUserAuthorization" bindingOperationName="GetUserAuthorization" type="Request-Response" inputName="" receivesAttachments="false" sendsAttachments="false" anonymous="optional"><con:settings/><con:call id="30f464b1-bb04-46f9-836f-8b511e4290ed" name="Request 1"><con:settings/><con:encoding>UTF-8</con:encoding><con:endpoint>https://efaturatest.izibiz.com.tr:443/AuthenticationWS</con:endpoint><con:request><![CDATA[<soapenv:Envelope xmlns:soapenv="http://schemas.xmlsoap.org/soap/envelope/" xmlns:wsdl="http://schemas.i2i.com/ei/wsdl">
   <soapenv:Header/>
   <soapenv:Body>
      <wsdl:GetUserAuthorizationRequest>
         <REQUEST_HEADER>
            <SESSION_ID>?</SESSION_ID>
            <!--Optional:-->
            <CLIENT_TXN_ID>?</CLIENT_TXN_ID>
            <!--Optional:-->
            <INTL_TXN_ID>?</INTL_TXN_ID>
            <!--Optional:-->
            <INTL_PARENT_TXN_ID>?</INTL_PARENT_TXN_ID>
            <!--Optional:-->
            <ACTION_DATE>?</ACTION_DATE>
            <!--Optional:-->
            <CHANGE_INFO>
               <CDATE>?</CDATE>
               <CPOSITION_ID>?</CPOSITION_ID>
               <CUSER_ID>?</CUSER_ID>
               <!--Optional:-->
               <UDATE>?</UDATE>
               <!--Optional:-->
               <UPOSITION_ID>?</UPOSITION_ID>
               <!--Optional:-->
               <UUSER_ID>?</UUSER_ID>
            </CHANGE_INFO>
            <!--Optional:-->
            <REASON>?</REASON>
            <!--Optional:-->
            <APPLICATION_NAME>?</APPLICATION_NAME>
            <!--Optional:-->
            <HOSTNAME>?</HOSTNAME>
            <!--Optional:-->
            <CHANNEL_NAME>?</CHANNEL_NAME>
            <!--Optional:-->
            <SIMULATION_FLAG>?</SIMULATION_FLAG>
            <!--Optional:-->
            <COMPRESSED>?</COMPRESSED>
            <!--Zero or more repetitions:-->
            <ATTRIBUTES NAME="?">
               e
               <!--You may enter ANY elements at this point-->
               gero
            </ATTRIBUTES>
         </REQUEST_HEADER>
         <VKN_TCKNO>?</VKN_TCKNO>
         <PRODUCT>?</PRODUCT>
         <PRODUCT_DETAIL_FLAG>?</PRODUCT_DETAIL_FLAG>
      </wsdl:GetUserAuthorizationRequest>
   </soapenv:Body>
</soapenv:Envelope>]]></con:request><con:wsaConfig mustUnderstand="NONE" version="200508" action="http://schemas.i2i.com/ei/wsdl/AuthenticationServicePort/GetUserAuthorizationRequest"/></con:call></con:operation><con:operation id="d543fc40-4d97-42a2-b11c-9e58e7b0445d" isOneWay="false" action="" name="Login" bindingOperationName="Login" type="Request-Response" inputName="" receivesAttachments="false" sendsAttachments="false" anonymous="optional"><con:settings/><con:call id="332a9beb-6230-4731-8de6-8acf6f4bd7ea" name="Request 1"><con:settings><con:setting id="com.eviware.soapui.impl.wsdl.WsdlRequest@request-headers">&lt;xml-fragment/></con:setting></con:settings><con:encoding>UTF-8</con:encoding><con:endpoint>https://efaturatest.izibiz.com.tr:443/AuthenticationWS</con:endpoint><con:request><![CDATA[<soapenv:Envelope xmlns:soapenv="http://schemas.xmlsoap.org/soap/envelope/" xmlns:wsdl="http://schemas.i2i.com/ei/wsdl">
   <soapenv:Header/>
   <soapenv:Body>
      <wsdl:LoginRequest>
         <REQUEST_HEADER>
            <SESSION_ID>-1</SESSION_ID>
         </REQUEST_HEADER>
         <USER_NAME>izibiz-test2</USER_NAME>
         <PASSWORD>izi321</PASSWORD>
      </wsdl:LoginRequest>
   </soapenv:Body>
</soapenv:Envelope>]]></con:request><con:credentials><con:authType>No Authorization</con:authType></con:credentials><con:jmsConfig JMSDeliveryMode="PERSISTENT"/><con:jmsPropertyConfig/><con:wsaConfig mustUnderstand="NONE" version="200508" action="http://schemas.i2i.com/ei/wsdl/AuthenticationServicePort/LoginRequest"/><con:wsrmConfig version="1.2"/></con:call></con:operation><con:operation id="64fd9ebc-f5db-4e41-878d-4fa19ccbccb5" isOneWay="false" action="" name="Logout" bindingOperationName="Logout" type="Request-Response" inputName="" receivesAttachments="false" sendsAttachments="false" anonymous="optional"><con:settings/><con:call id="8db29551-ab20-4337-ab6d-360a14baffad" name="Request 1"><con:settings><con:setting id="com.eviware.soapui.impl.wsdl.WsdlRequest@request-headers">&lt;xml-fragment/></con:setting></con:settings><con:encoding>UTF-8</con:encoding><con:endpoint>https://efaturatest.izibiz.com.tr:443/AuthenticationWS</con:endpoint><con:request><![CDATA[<soapenv:Envelope xmlns:soapenv="http://schemas.xmlsoap.org/soap/envelope/" xmlns:wsdl="http://schemas.i2i.com/ei/wsdl">
   <soapenv:Header/>
   <soapenv:Body>
      <wsdl:LogoutRequest>
         <REQUEST_HEADER>
            <SESSION_ID>f10d537f-eb9d-401d-a5d3-f58abb5f44c5</SESSION_ID>         
         </REQUEST_HEADER>
      </wsdl:LogoutRequest>
   </soapenv:Body>
</soapenv:Envelope>]]></con:request><con:credentials><con:authType>No Authorization</con:authType></con:credentials><con:jmsConfig JMSDeliveryMode="PERSISTENT"/><con:jmsPropertyConfig/><con:wsaConfig mustUnderstand="NONE" version="200508" action="http://schemas.i2i.com/ei/wsdl/AuthenticationServicePort/LogoutRequest"/><con:wsrmConfig version="1.2"/></con:call></con:operation></con:interface><con:interface xsi:type="con:WsdlInterface" id="4cd1b895-42e0-49cf-9c16-6849eb1cbc8c" wsaVersion="NONE" name="ReconciliationPortBinding" type="wsdl" bindingName="{http://schemas.izibiz.com/ei/wsdl/reconciliation}ReconciliationPortBinding" soapVersion="1_1" anonymous="optional" definition="https://efaturatest.izibiz.com.tr/Reconciliation?wsdl" xmlns:xsi="http://www.w3.org/2001/XMLSchema-instance"><con:settings/><con:definitionCache type="TEXT" rootPart="https://efaturatest.izibiz.com.tr/Reconciliation?wsdl"><con:part><con:url>https://efaturatest.izibiz.com.tr/Reconciliation?wsdl</con:url><con:content><![CDATA[<!--Published by JAX-WS RI at http://jax-ws.dev.java.net. RI's version is Metro/2.3 (tags/2.3-7528; 2013-04-29T19:34:10+0000) JAXWS-RI/2.2.8 JAXWS/2.2 svn-revision#unknown.-->
<wsdl:definitions name="Reconciliation" targetNamespace="http://schemas.izibiz.com/ei/wsdl/reconciliation" xmlns:soap="http://schemas.xmlsoap.org/wsdl/soap/" xmlns:wsdl="http://schemas.xmlsoap.org/wsdl/" xmlns:xsd="http://www.w3.org/2001/XMLSchema" xmlns:tns="http://schemas.izibiz.com/ei/wsdl/reconciliation">
  <!--TYPES-->
  <wsdl:types>
    <xsd:schema>
      <xsd:import namespace="http://schemas.izibiz.com/ei/wsdl/reconciliation" schemaLocation="https://efaturatest.izibiz.com.tr:443/Reconciliation?xsd=4"/>
    </xsd:schema>
  </wsdl:types>
  <!--MESSAGE-->
  <wsdl:message name="SendBABSReconciliationRequestMessage">
    <wsdl:part name="request" element="tns:SendBABSReconciliationRequest"/>
  </wsdl:message>
  <wsdl:message name="SendBABSReconciliationResponseMessage">
    <wsdl:part name="response" element="tns:SendBABSReconciliationResponse"/>
  </wsdl:message>
  <wsdl:message name="GetBABSReconciliationStatusRequestMessage">
    <wsdl:part name="request" element="tns:GetBABSReconciliationStatusRequest"/>
  </wsdl:message>
  <wsdl:message name="GetBABSReconciliationStatusResponseMessage">
    <wsdl:part name="response" element="tns:GetBABSReconciliationStatusResponse"/>
  </wsdl:message>
  <!--FAULT-->
  <wsdl:message name="RequestFaultMessage">
    <wsdl:part name="parameters" element="tns:RequestFault"/>
  </wsdl:message>
  <!--PORT-->
  <wsdl:portType name="ReconciliationPort">
    <wsdl:operation name="SendBABSReconciliation">
      <wsdl:input message="tns:SendBABSReconciliationRequestMessage"/>
      <wsdl:output message="tns:SendBABSReconciliationResponseMessage"/>
      <wsdl:fault name="RequestFault" message="tns:RequestFaultMessage"/>
    </wsdl:operation>
    <wsdl:operation name="GetBABSReconciliationStatus">
      <wsdl:input message="tns:GetBABSReconciliationStatusRequestMessage"/>
      <wsdl:output message="tns:GetBABSReconciliationStatusResponseMessage"/>
      <wsdl:fault name="RequestFault" message="tns:RequestFaultMessage"/>
    </wsdl:operation>
  </wsdl:portType>
  <!--BINDING-->
  <wsdl:binding name="ReconciliationPortBinding" type="tns:ReconciliationPort">
    <soap:binding style="document" transport="http://schemas.xmlsoap.org/soap/http"/>
    <wsdl:operation name="SendBABSReconciliation">
      <soap:operation soapAction=""/>
      <wsdl:input>
        <soap:body use="literal"/>
      </wsdl:input>
      <wsdl:output>
        <soap:body use="literal"/>
      </wsdl:output>
      <wsdl:fault name="RequestFault">
        <soap:fault name="RequestFault" use="literal"/>
      </wsdl:fault>
    </wsdl:operation>
    <wsdl:operation name="GetBABSReconciliationStatus">
      <soap:operation soapAction=""/>
      <wsdl:input>
        <soap:body use="literal"/>
      </wsdl:input>
      <wsdl:output>
        <soap:body use="literal"/>
      </wsdl:output>
      <wsdl:fault name="RequestFault">
        <soap:fault name="RequestFault" use="literal"/>
      </wsdl:fault>
    </wsdl:operation>
  </wsdl:binding>
  <!--SERVICE-->
  <wsdl:service name="Reconciliation">
    <wsdl:port name="ReconciliationPort" binding="tns:ReconciliationPortBinding">
      <soap:address location="https://efaturatest.izibiz.com.tr:443/Reconciliation"/>
    </wsdl:port>
  </wsdl:service>
</wsdl:definitions>]]></con:content><con:type>http://schemas.xmlsoap.org/wsdl/</con:type></con:part><con:part><con:url>https://efaturatest.izibiz.com.tr:443/Reconciliation?xsd=4</con:url><con:content><![CDATA[<!--Published by JAX-WS RI at http://jax-ws.dev.java.net. RI's version is Metro/2.3 (tags/2.3-7528; 2013-04-29T19:34:10+0000) JAXWS-RI/2.2.8 JAXWS/2.2 svn-revision#unknown.-->
<xsd:schema targetNamespace="http://schemas.izibiz.com/ei/wsdl/reconciliation" xmlns="http://schemas.izibiz.com/ei/wsdl/reconciliation" xmlns:e="http://schemas.i2i.com/ei/entity" xmlns:xsd="http://www.w3.org/2001/XMLSchema" xmlns:pck="http://www.efatura.gov.tr/package-namespace" xmlns:xmime="http://www.w3.org/2005/05/xmlmime" xmlns:hr="http://www.hr-xml.org/3" xmlns:c="http://schemas.i2i.com/ei/common">
  <xsd:import namespace="http://schemas.i2i.com/ei/common" schemaLocation="https://efaturatest.izibiz.com.tr:443/Reconciliation?xsd=1"/>
  <xsd:import namespace="http://schemas.i2i.com/ei/entity" schemaLocation="https://efaturatest.izibiz.com.tr:443/Reconciliation?xsd=2"/>
  <xsd:import namespace="http://www.w3.org/2005/05/xmlmime" schemaLocation="https://efaturatest.izibiz.com.tr:443/Reconciliation?xsd=3"/>
  <!--===========================================================-->
  <xsd:complexType name="OIBOperation">
    <xsd:sequence>
      <xsd:element name="RequestFaultResponse" type="e:REQUEST_ERRORType"/>
    </xsd:sequence>
  </xsd:complexType>
  <!--===========================================================-->
  <xsd:element name="RequestFault" type="RequestFaultType"/>
  <xsd:complexType name="RequestFaultType">
    <xsd:sequence>
      <xsd:element name="RequestFaultResponse" type="e:REQUEST_ERRORType"/>
    </xsd:sequence>
  </xsd:complexType>
  <!--===========================================================-->
  <xsd:element name="SendBABSReconciliationRequest" type="SendBABSReconciliationRequest"/>
  <xsd:complexType name="SendBABSReconciliationRequest">
    <xsd:complexContent>
      <xsd:extension base="e:REQUEST">
        <xsd:sequence>
          <xsd:element name="RECONCILIATION" minOccurs="1" maxOccurs="unbounded">
            <xsd:complexType>
              <xsd:sequence>
                <xsd:element name="CUSTOMER_IDENTIFIER" type="xsd:normalizedString" minOccurs="1"/>
                <xsd:element name="COMMERCIAL_NAME" type="xsd:normalizedString" minOccurs="1"/>
                <xsd:element name="TAX_OFFICE" type="xsd:normalizedString" minOccurs="0"/>
                <xsd:element name="CUSTOMER_ADDRESS" type="xsd:string" minOccurs="0"/>
                <xsd:element name="TELEFONE_NO" type="xsd:normalizedString" minOccurs="0"/>
                <xsd:element name="FAX_NO" type="xsd:normalizedString" minOccurs="0"/>
                <xsd:element name="EMAIL" type="xsd:normalizedString" minOccurs="1"/>
                <xsd:element name="ACCOUNTING_PERIOD" type="xsd:normalizedString" minOccurs="0"/>
                <xsd:element name="BA_DOCUMENT_COUNT" type="xsd:normalizedString" minOccurs="0"/>
                <xsd:element name="BA_DOCUMENT_AMOUNT" type="xsd:normalizedString" minOccurs="0"/>
                <xsd:element name="BS_DOCUMENT_COUNT" type="xsd:normalizedString" minOccurs="0"/>
                <xsd:element name="BS_DOCUMENT_AMOUNT" type="xsd:normalizedString" minOccurs="0"/>
                <xsd:element name="NOTE" type="xsd:normalizedString" minOccurs="0"/>
              </xsd:sequence>
            </xsd:complexType>
          </xsd:element>
        </xsd:sequence>
      </xsd:extension>
    </xsd:complexContent>
  </xsd:complexType>
  <xsd:element name="SendBABSReconciliationResponse" type="SendBABSReconciliationResponse"/>
  <xsd:complexType name="SendBABSReconciliationResponse">
    <xsd:sequence>
      <xsd:element name="REQUEST_RETURN" type="e:REQUEST_RETURNType" minOccurs="0"/>
    </xsd:sequence>
  </xsd:complexType>
  <!--===========================================================-->
  <xsd:element name="GetBABSReconciliationStatusRequest" type="GetBABSReconciliationStatusRequest"/>
  <xsd:complexType name="GetBABSReconciliationStatusRequest">
    <xsd:complexContent>
      <xsd:extension base="e:REQUEST">
        <xsd:sequence>
          <xsd:element name="RECONCILIATION_SEARCHING">
            <xsd:complexType>
              <xsd:sequence>
                <xsd:element name="CUSTOMER_IDENTIFIER" type="xsd:normalizedString" minOccurs="1" maxOccurs="unbounded"/>
                <xsd:element name="ACCOUNTING_PERIOD" type="xsd:normalizedString" minOccurs="0"/>
              </xsd:sequence>
            </xsd:complexType>
          </xsd:element>
        </xsd:sequence>
      </xsd:extension>
    </xsd:complexContent>
  </xsd:complexType>
  <xsd:element name="GetBABSReconciliationStatusResponse" type="GetBABSReconciliationStatusResponse"/>
  <xsd:complexType name="GetBABSReconciliationStatusResponse">
    <xsd:sequence>
      <xsd:element name="RECONCILIATION_STATUS" type="RECONCILIATION_STATUS" minOccurs="1" maxOccurs="unbounded"/>
    </xsd:sequence>
  </xsd:complexType>
  <xsd:complexType name="RECONCILIATION_STATUS">
    <xsd:sequence>
      <xsd:element name="RECONCILIATION" minOccurs="1" maxOccurs="unbounded">
        <xsd:complexType>
          <xsd:sequence>
            <xsd:element name="RECONCILIATION_TYPE" type="xsd:normalizedString" minOccurs="0"/>
            <xsd:element name="CUSTOMER_IDENTIFIER" type="xsd:normalizedString" minOccurs="1"/>
            <xsd:element name="COMMERCIAL_NAME" type="xsd:normalizedString" minOccurs="1"/>
            <xsd:element name="ACCOUNTING_DONEM" type="xsd:normalizedString" minOccurs="0"/>
            <xsd:element name="CM_DATE" type="xsd:dateTime" minOccurs="0"/>
            <xsd:element name="CM_AMOUNT_TYPE" type="xsd:normalizedString" minOccurs="0"/>
            <xsd:element name="STATUS" type="xsd:normalizedString" minOccurs="1"/>
            <xsd:element name="CREATE_DATE" type="xsd:dateTime" minOccurs="1"/>
            <xsd:element name="EMAIL" type="EMAIL" minOccurs="0" maxOccurs="unbounded"/>
          </xsd:sequence>
        </xsd:complexType>
      </xsd:element>
    </xsd:sequence>
  </xsd:complexType>
  <xsd:complexType name="EMAIL">
    <xsd:sequence>
      <xsd:element name="EMAIL_STATUS" minOccurs="0" maxOccurs="unbounded">
        <xsd:complexType>
          <xsd:sequence>
            <xsd:element name="STATUS" type="xsd:normalizedString" minOccurs="0"/>
            <xsd:element name="SEND_DATE" type="xsd:dateTime" minOccurs="0"/>
          </xsd:sequence>
        </xsd:complexType>
      </xsd:element>
      <xsd:element name="EMAIL_EVENTS" minOccurs="1" maxOccurs="unbounded">
        <xsd:complexType>
          <xsd:sequence>
            <xsd:element name="EVENT" type="xsd:normalizedString" minOccurs="0"/>
            <xsd:element name="DIAG" type="xsd:normalizedString" minOccurs="0"/>
            <xsd:element name="IP_ADDRESS" type="xsd:normalizedString" minOccurs="0"/>
            <xsd:element name="COUNTRY" type="xsd:normalizedString" minOccurs="0"/>
            <xsd:element name="REGION" type="xsd:normalizedString" minOccurs="0"/>
            <xsd:element name="CITY" type="xsd:normalizedString" minOccurs="0"/>
            <xsd:element name="EVENT_DATE" type="xsd:dateTime" minOccurs="0"/>
          </xsd:sequence>
        </xsd:complexType>
      </xsd:element>
    </xsd:sequence>
  </xsd:complexType>
  <!--===========================================================-->
</xsd:schema>]]></con:content><con:type>http://www.w3.org/2001/XMLSchema</con:type></con:part><con:part><con:url>https://efaturatest.izibiz.com.tr:443/Reconciliation?xsd=1</con:url><con:content><![CDATA[<!--Published by JAX-WS RI at http://jax-ws.dev.java.net. RI's version is Metro/2.3 (tags/2.3-7528; 2013-04-29T19:34:10+0000) JAXWS-RI/2.2.8 JAXWS/2.2 svn-revision#unknown.-->
<!--edited with XMLSpy v2008 rel. 2 (http://www.altova.com) by mazuki (darksiderg)-->
<!--edited with XMLSPY v5 rel. 3 U (http://www.xmlspy.com) by bt (home)-->
<!--generated by perl script pipedelimitedToAscii.pl-->
<xs:schema targetNamespace="http://schemas.i2i.com/ei/common" xmlns="http://schemas.i2i.com/ei/common" xmlns:xs="http://www.w3.org/2001/XMLSchema">
  <!--*************************************************************-->
  <!--*************************************************************-->
  <!--COMMON HELPER ENTITIES-->
  <!--*************************************************************-->
  <!--*************************************************************-->
  <xs:complexType name="CHANGE_INFOType">
    <xs:annotation>
      <xs:documentation>Helper Entity; Contains information related to
				either Creation or Modification</xs:documentation>
    </xs:annotation>
    <xs:sequence>
      <xs:element name="CDATE" type="xs:date">
        <xs:annotation>
          <xs:documentation>Create Date</xs:documentation>
        </xs:annotation>
      </xs:element>
      <xs:element name="CPOSITION_ID" type="xs:long">
        <xs:annotation>
          <xs:documentation>Create Position ID</xs:documentation>
        </xs:annotation>
      </xs:element>
      <xs:element name="CUSER_ID" type="xs:long">
        <xs:annotation>
          <xs:documentation>Create User ID</xs:documentation>
        </xs:annotation>
      </xs:element>
      <xs:element name="UDATE" type="xs:date" minOccurs="0">
        <xs:annotation>
          <xs:documentation>Update Date</xs:documentation>
        </xs:annotation>
      </xs:element>
      <xs:element name="UPOSITION_ID" type="xs:long" minOccurs="0">
        <xs:annotation>
          <xs:documentation>Update Position ID</xs:documentation>
        </xs:annotation>
      </xs:element>
      <xs:element name="UUSER_ID" type="xs:long" minOccurs="0">
        <xs:annotation>
          <xs:documentation>Update User ID</xs:documentation>
        </xs:annotation>
      </xs:element>
    </xs:sequence>
  </xs:complexType>
  <xs:complexType name="AMOUNTType">
    <xs:annotation>
      <xs:documentation>Helper Entity; Contains price type</xs:documentation>
    </xs:annotation>
    <xs:sequence>
      <xs:element name="AMOUNT" type="xs:double">
        <xs:annotation>
          <xs:documentation>Charge amount.</xs:documentation>
        </xs:annotation>
      </xs:element>
      <xs:element name="CURRENCY_CODE" type="ISO_CURRENCY_CODEType" minOccurs="0">
        <xs:annotation>
          <xs:documentation>See ISO_CURRENCY_CODE Type</xs:documentation>
        </xs:annotation>
      </xs:element>
    </xs:sequence>
  </xs:complexType>
  <xs:complexType name="VALIDITY_PERIODType">
    <xs:annotation>
      <xs:documentation>Helper Entity; Contains validity period info for
				related entity</xs:documentation>
    </xs:annotation>
    <xs:sequence>
      <xs:element name="SDATE" type="xs:date">
        <xs:annotation>
          <xs:documentation>Validity start date of the entity</xs:documentation>
        </xs:annotation>
      </xs:element>
      <xs:element name="EDATE" type="xs:date" minOccurs="0">
        <xs:annotation>
          <xs:documentation>Validity end date of the entity</xs:documentation>
        </xs:annotation>
      </xs:element>
    </xs:sequence>
  </xs:complexType>
  <xs:complexType name="ENTITYType">
    <xs:annotation>
      <xs:documentation>Helper Entity; defines basic properties for a
				business entity</xs:documentation>
    </xs:annotation>
    <xs:complexContent>
      <xs:extension base="ENTITYBaseType">
        <xs:sequence>
          <xs:element name="FILESET" type="FILESETType" minOccurs="0">
            <xs:annotation>
              <xs:documentation>See FILESET type</xs:documentation>
            </xs:annotation>
          </xs:element>
          <xs:element name="COMMENTSET" type="COMMENTSETType" minOccurs="0">
            <xs:annotation>
              <xs:documentation>See COMMENTSET type</xs:documentation>
            </xs:annotation>
          </xs:element>
        </xs:sequence>
      </xs:extension>
    </xs:complexContent>
  </xs:complexType>
  <xs:complexType name="FILEType">
    <xs:annotation>
      <xs:documentation>Holds File Info</xs:documentation>
    </xs:annotation>
    <xs:complexContent>
      <xs:extension base="ENTITYBaseType">
        <xs:sequence>
          <xs:element name="CREATE_USER_INFO" minOccurs="0">
            <xs:complexType>
              <xs:sequence>
                <xs:element name="FIRST_NAME">
                  <xs:annotation>
                    <xs:documentation>First name</xs:documentation>
                  </xs:annotation>
                  <xs:simpleType>
                    <xs:restriction base="xs:token">
                      <xs:maxLength value="256"/>
                    </xs:restriction>
                  </xs:simpleType>
                </xs:element>
                <xs:element name="LAST_NAME">
                  <xs:annotation>
                    <xs:documentation>Last name</xs:documentation>
                  </xs:annotation>
                  <xs:simpleType>
                    <xs:restriction base="xs:token">
                      <xs:maxLength value="64"/>
                    </xs:restriction>
                  </xs:simpleType>
                </xs:element>
              </xs:sequence>
            </xs:complexType>
          </xs:element>
          <xs:element name="FILENAME">
            <xs:annotation>
              <xs:documentation>Filename</xs:documentation>
            </xs:annotation>
            <xs:simpleType>
              <xs:restriction base="xs:token">
                <xs:maxLength value="256"/>
              </xs:restriction>
            </xs:simpleType>
          </xs:element>
          <xs:element name="FILETYPE" minOccurs="0">
            <xs:annotation>
              <xs:documentation>Defines filetype such as PDF, XSL etc.</xs:documentation>
            </xs:annotation>
            <xs:simpleType>
              <xs:restriction base="xs:token">
                <xs:maxLength value="10"/>
              </xs:restriction>
            </xs:simpleType>
          </xs:element>
          <xs:element name="OPERATION_CODE" minOccurs="0">
            <xs:annotation>
              <xs:documentation>Operation Code</xs:documentation>
            </xs:annotation>
            <xs:simpleType>
              <xs:restriction base="xs:token">
                <xs:maxLength value="32"/>
                <xs:minLength value="1"/>
              </xs:restriction>
            </xs:simpleType>
          </xs:element>
          <xs:element name="CONTENT" type="xs:anyType" minOccurs="0">
            <xs:annotation>
              <xs:documentation>This is the content of the file</xs:documentation>
            </xs:annotation>
          </xs:element>
          <xs:element name="INTL_TXN_ID" type="xs:long" minOccurs="0">
            <xs:annotation>
              <xs:documentation>INTL TXN ID if related to a Workflow</xs:documentation>
            </xs:annotation>
          </xs:element>
        </xs:sequence>
      </xs:extension>
    </xs:complexContent>
  </xs:complexType>
  <xs:complexType name="FILESETType">
    <xs:annotation>
      <xs:documentation>Holds File Set Info</xs:documentation>
    </xs:annotation>
    <xs:complexContent>
      <xs:extension base="ENTITYBaseType">
        <xs:sequence>
          <xs:element name="FILE_SET_ID" type="xs:long">
            <xs:annotation>
              <xs:documentation>Unique ID indicating a set of files. If NOT
								defined may be set to -1</xs:documentation>
            </xs:annotation>
          </xs:element>
          <xs:element name="FILE" type="FILEType" minOccurs="0" maxOccurs="unbounded">
            <xs:annotation>
              <xs:documentation>Files</xs:documentation>
            </xs:annotation>
          </xs:element>
        </xs:sequence>
      </xs:extension>
    </xs:complexContent>
  </xs:complexType>
  <xs:complexType name="COMMENTType">
    <xs:annotation>
      <xs:documentation>Holds Comment Info</xs:documentation>
    </xs:annotation>
    <xs:complexContent>
      <xs:extension base="ENTITYBaseType">
        <xs:sequence>
          <xs:element name="COMMENT_ID" type="xs:long">
            <xs:annotation>
              <xs:documentation>Comment Internal ID. -1 if NOT defined</xs:documentation>
            </xs:annotation>
          </xs:element>
          <xs:element name="COMMENT">
            <xs:annotation>
              <xs:documentation>Comment</xs:documentation>
            </xs:annotation>
            <xs:simpleType>
              <xs:restriction base="xs:string">
                <xs:maxLength value="1024"/>
              </xs:restriction>
            </xs:simpleType>
          </xs:element>
          <xs:element name="INTL_TXN_ID" type="xs:long" minOccurs="0">
            <xs:annotation>
              <xs:documentation>INTL TXN ID if related to a Workflow</xs:documentation>
            </xs:annotation>
          </xs:element>
        </xs:sequence>
      </xs:extension>
    </xs:complexContent>
  </xs:complexType>
  <xs:complexType name="COMMENTSETType">
    <xs:annotation>
      <xs:documentation>Holds Comment Set Info</xs:documentation>
    </xs:annotation>
    <xs:complexContent>
      <xs:extension base="ENTITYBaseType">
        <xs:sequence>
          <xs:element name="COMMENT_SET_ID" type="xs:long">
            <xs:annotation>
              <xs:documentation>Unique ID indicating a set of comments. If not
								defined may be set to -1</xs:documentation>
            </xs:annotation>
          </xs:element>
          <xs:element name="COMMENT" type="COMMENTType" minOccurs="0" maxOccurs="unbounded">
            <xs:annotation>
              <xs:documentation>Comments</xs:documentation>
            </xs:annotation>
          </xs:element>
        </xs:sequence>
      </xs:extension>
    </xs:complexContent>
  </xs:complexType>
  <xs:complexType name="SEARCH_KEYType">
    <xs:annotation>
      <xs:documentation>Base type used for search keys</xs:documentation>
    </xs:annotation>
    <xs:sequence>
      <xs:element name="VALID_FROM" type="xs:date" minOccurs="0">
        <xs:annotation>
          <xs:documentation>Valid From</xs:documentation>
        </xs:annotation>
      </xs:element>
      <xs:element name="VALID_TO" type="xs:date" minOccurs="0">
        <xs:annotation>
          <xs:documentation>Valid To</xs:documentation>
        </xs:annotation>
      </xs:element>
      <xs:element name="ROWNUM_OFFSET" type="xs:int" minOccurs="0">
        <xs:annotation>
          <xs:documentation>For searches that may return many rows, this
						parameters specifies the starting rownum of query to be returned
						by BACKEND system</xs:documentation>
        </xs:annotation>
      </xs:element>
      <xs:element name="ROWNUM_LIMIT" type="xs:int" minOccurs="0">
        <xs:annotation>
          <xs:documentation>For searches that may return many rows, this
						parameters specifies the maximum rownums to be returned starting
						with ROWNUM_OFFSET</xs:documentation>
        </xs:annotation>
      </xs:element>
    </xs:sequence>
  </xs:complexType>
  <xs:complexType name="SEARCH_RESULTType">
    <xs:annotation>
      <xs:documentation>Base type used for all search results</xs:documentation>
    </xs:annotation>
    <xs:sequence>
      <xs:element name="ROWNUM_TOTAL" type="xs:int" minOccurs="0">
        <xs:annotation>
          <xs:documentation>Specifies the total number of rows returned</xs:documentation>
        </xs:annotation>
      </xs:element>
    </xs:sequence>
  </xs:complexType>
  <xs:complexType name="FIND_KEYType">
    <xs:annotation>
      <xs:documentation>Base type used for search keys</xs:documentation>
    </xs:annotation>
    <xs:sequence>
      <xs:element name="DATETIME" type="xs:date" minOccurs="0">
        <xs:annotation>
          <xs:documentation>DateTime of Inquire.</xs:documentation>
        </xs:annotation>
      </xs:element>
      <xs:element name="VISIBILITY_TYPE" minOccurs="0">
        <xs:annotation>
          <xs:documentation>Visibility Type</xs:documentation>
        </xs:annotation>
        <xs:simpleType>
          <xs:restriction base="xs:token">
            <xs:enumeration value="PERSON"/>
            <xs:enumeration value="POSITION"/>
            <xs:enumeration value="POSITION_TYPE"/>
            <xs:enumeration value="PEER"/>
            <xs:enumeration value="TEAM"/>
            <xs:enumeration value="ORGANIZATION"/>
            <xs:enumeration value="ADMIN"/>
          </xs:restriction>
        </xs:simpleType>
      </xs:element>
    </xs:sequence>
  </xs:complexType>
  <xs:complexType name="LOV_VALUEType">
    <xs:annotation>
      <xs:documentation>Helper Entity; Holds LOV Value Type</xs:documentation>
    </xs:annotation>
    <xs:sequence>
      <xs:element name="LOV_ID" type="xs:long">
        <xs:annotation>
          <xs:documentation>Indicates list of value ID</xs:documentation>
        </xs:annotation>
      </xs:element>
      <xs:element name="LOV_CODE" default="'N'" minOccurs="0">
        <xs:annotation>
          <xs:documentation>LOV Internal CODE</xs:documentation>
        </xs:annotation>
        <xs:simpleType>
          <xs:restriction base="xs:token">
            <xs:maxLength value="64"/>
          </xs:restriction>
        </xs:simpleType>
      </xs:element>
    </xs:sequence>
  </xs:complexType>
  <xs:complexType name="ISO_CURRENCY_CODEType">
    <xs:annotation>
      <xs:documentation>Helper Entity; Holds LOV Value Type</xs:documentation>
    </xs:annotation>
    <xs:complexContent>
      <xs:extension base="LOV_VALUEType"/>
    </xs:complexContent>
  </xs:complexType>
  <xs:complexType name="ATTRIBUTESTYPE">
    <xs:annotation>
      <xs:documentation>A generic name/value Attributes type</xs:documentation>
    </xs:annotation>
    <xs:complexContent>
      <xs:extension base="xs:anyType">
        <xs:attribute name="NAME" use="required">
          <xs:simpleType>
            <xs:restriction base="xs:token">
              <xs:minLength value="1"/>
              <xs:maxLength value="64"/>
            </xs:restriction>
          </xs:simpleType>
        </xs:attribute>
      </xs:extension>
    </xs:complexContent>
  </xs:complexType>
  <xs:simpleType name="STRINGType">
    <xs:annotation>
      <xs:documentation>Helper Entity; The set of strings that do not
				contain the carriage return, line feed nor tab characters, that have
				no leading or trailing spaces and that have no internal sequences of
				two or more spaces.</xs:documentation>
    </xs:annotation>
    <xs:restriction base="xs:token"/>
  </xs:simpleType>
  <xs:simpleType name="MSISDNType">
    <xs:annotation>
      <xs:documentation>Helper Entity; Telephone Number of mobile phone;
				acronym for Mobile Station Integrated Services Digital Network</xs:documentation>
    </xs:annotation>
    <xs:restriction base="xs:token">
      <xs:pattern value="5[0-9]{9}"/>
    </xs:restriction>
  </xs:simpleType>
  <xs:simpleType name="TELNOType">
    <xs:annotation>
      <xs:documentation>Helper Entity; Telephone Number</xs:documentation>
    </xs:annotation>
    <xs:restriction base="xs:token">
      <xs:pattern value="[1-9][0-9]{9}"/>
    </xs:restriction>
  </xs:simpleType>
  <xs:simpleType name="GLOBALTELNOType">
    <xs:annotation>
      <xs:documentation>Helper Entity; Telephone Number of mobile phone in
				long format</xs:documentation>
    </xs:annotation>
    <xs:restriction base="xs:token">
      <xs:pattern value="[0-9]{10,15}"/>
    </xs:restriction>
  </xs:simpleType>
  <xs:simpleType name="IPV4Type">
    <xs:annotation>
      <xs:documentation>Helper Entity; IP Address type in V4 format</xs:documentation>
    </xs:annotation>
    <xs:restriction base="xs:token">
      <xs:pattern value="[0-2]?[0-9]?[0-9]\.[0-2]?[0-9]?[0-9]\.[0-2]?[0-9]?[0-9]\.[0-2]?[0-9]?[0-9]"/>
    </xs:restriction>
  </xs:simpleType>
  <xs:simpleType name="IPV6Type">
    <xs:annotation>
      <xs:documentation>Helper Entity; IP Address type in V6 format</xs:documentation>
    </xs:annotation>
    <xs:restriction base="xs:token">
      <xs:pattern value="[0-9A-F]{1,4}:[0-9A-F]{1,4}:[0-9A-F]{1,4}:[0-9A-F]{1,4}"/>
    </xs:restriction>
  </xs:simpleType>
  <xs:simpleType name="BOOLEANType">
    <xs:annotation>
      <xs:documentation>Helper Entity; Boolean type one of case insensitive
				"Y","N","1","0","true","false" indication true, false respectively</xs:documentation>
    </xs:annotation>
    <xs:restriction base="xs:token">
      <xs:pattern value="([YyNn01Xx_]|true|false){1}"/>
    </xs:restriction>
  </xs:simpleType>
  <xs:simpleType name="CURRENCYType">
    <xs:annotation>
      <xs:documentation>Helper entity; type for currency; typically float
				or double</xs:documentation>
    </xs:annotation>
    <xs:restriction base="xs:double"/>
  </xs:simpleType>
  <xs:simpleType name="URLType">
    <xs:annotation>
      <xs:documentation>Helper entity; Simple type for URL validity check</xs:documentation>
    </xs:annotation>
    <xs:restriction base="xs:token">
      <xs:pattern value="(https?|ftp|file).*"/>
    </xs:restriction>
  </xs:simpleType>
  <xs:simpleType name="TAXNOType">
    <xs:annotation>
      <xs:documentation>Helper entity; TAX No</xs:documentation>
    </xs:annotation>
    <xs:restriction base="xs:token">
      <xs:pattern value="[0-9]{10,11}"/>
    </xs:restriction>
  </xs:simpleType>
  <xs:simpleType name="IBANType">
    <xs:annotation>
      <xs:documentation>Helper Entity; IBAN</xs:documentation>
    </xs:annotation>
    <xs:restriction base="xs:token">
      <xs:pattern value="[A-Z]{2}[0-9]{2}[A-Z0-9]{5}[A-Z0-9]{1}[A-Z0-9]{16}"/>
    </xs:restriction>
  </xs:simpleType>
  <xs:simpleType name="POSTCODEType">
    <xs:annotation>
      <xs:documentation>Helper Entity; EMAIL address</xs:documentation>
    </xs:annotation>
    <xs:restriction base="xs:token">
      <xs:pattern value="[0-9]{5}"/>
    </xs:restriction>
  </xs:simpleType>
  <xs:simpleType name="EMAILType">
    <xs:annotation>
      <xs:documentation>Helper Entity; EMAIL address</xs:documentation>
    </xs:annotation>
    <xs:restriction base="xs:token">
      <xs:pattern value="[-_a-zA-Z0-9]+(\.[-_a-zA-Z0-9]+)*@[-a-zA-Z0-9]+(\.[-a-zA-Z0-9]+)*\.(([0-9]{1,3})|([a-zA-Z]{2,10}))"/>
    </xs:restriction>
  </xs:simpleType>
  <xs:complexType name="ENTITYBaseType">
    <xs:sequence>
      <xs:element name="EL_ACTION" minOccurs="0">
        <xs:annotation>
          <xs:documentation>Requested Elementary Action:C, R, U or D</xs:documentation>
        </xs:annotation>
        <xs:simpleType>
          <xs:restriction base="xs:token">
            <xs:maxLength value="1"/>
            <xs:pattern value="[CRUDScruds]"/>
          </xs:restriction>
        </xs:simpleType>
      </xs:element>
      <xs:element name="VALIDITY_PERIOD" type="VALIDITY_PERIODType" minOccurs="0">
        <xs:annotation>
          <xs:documentation>See VALIDITY_PERIOD type</xs:documentation>
        </xs:annotation>
      </xs:element>
      <xs:element name="CHANGE_INFO" type="CHANGE_INFOType" minOccurs="0">
        <xs:annotation>
          <xs:documentation>See CHANGE_INFO type</xs:documentation>
        </xs:annotation>
      </xs:element>
      <xs:element name="ACCESS_CONTROL_INFO" type="xs:string" minOccurs="0">
        <xs:annotation>
          <xs:documentation>See ACCESS_CONTROL_INFO type</xs:documentation>
        </xs:annotation>
      </xs:element>
    </xs:sequence>
  </xs:complexType>
</xs:schema>]]></con:content><con:type>http://www.w3.org/2001/XMLSchema</con:type></con:part><con:part><con:url>https://efaturatest.izibiz.com.tr:443/Reconciliation?xsd=2</con:url><con:content><![CDATA[<!--Published by JAX-WS RI at http://jax-ws.dev.java.net. RI's version is Metro/2.3 (tags/2.3-7528; 2013-04-29T19:34:10+0000) JAXWS-RI/2.2.8 JAXWS/2.2 svn-revision#unknown.-->
<!--edited with XMLSpy v2008 rel. 2 (http://www.altova.com) by mazuki (darksiderg)-->
<!--edited with XMLSPY v5 rel. 3 U (http://www.xmlspy.com) by bt (home)-->
<!--generated by perl script pipedelimitedToAscii.pl-->
<xsd:schema targetNamespace="http://schemas.i2i.com/ei/entity" xmlns="http://schemas.i2i.com/ei/entity" xmlns:xsd="http://www.w3.org/2001/XMLSchema" xmlns:c="http://schemas.i2i.com/ei/common">
  <xsd:import namespace="http://schemas.i2i.com/ei/common" schemaLocation="https://efaturatest.izibiz.com.tr:443/Reconciliation?xsd=1"/>
  <!--*************************************************************-->
  <!--*************************************************************-->
  <!--REQUEST INFO ENTITIES-->
  <!--*************************************************************-->
  <!--*************************************************************-->
  <xsd:complexType name="REQUEST">
    <xsd:sequence>
      <xsd:element name="REQUEST_HEADER" type="REQUEST_HEADERType"/>
    </xsd:sequence>
  </xsd:complexType>
  <xsd:complexType name="REQUEST_HEADERType">
    <xsd:annotation>
      <xsd:documentation>Request related information context including data
				such as SESSION_ID, INTL_TXN_ID etc.</xsd:documentation>
    </xsd:annotation>
    <xsd:sequence>
      <xsd:element name="SESSION_ID" type="xsd:token" minOccurs="1">
        <xsd:annotation>
          <xsd:documentation>Initiating domain Transaction ID of the action</xsd:documentation>
        </xsd:annotation>
      </xsd:element>
      <xsd:element name="CLIENT_TXN_ID" type="xsd:token" minOccurs="0">
        <xsd:annotation>
          <xsd:documentation>Initiating domain Transaction ID of the action</xsd:documentation>
        </xsd:annotation>
      </xsd:element>
      <xsd:element name="INTL_TXN_ID" type="xsd:long" minOccurs="0">
        <xsd:annotation>
          <xsd:documentation>Internal Transaction ID</xsd:documentation>
        </xsd:annotation>
      </xsd:element>
      <xsd:element name="INTL_PARENT_TXN_ID" type="xsd:long" minOccurs="0">
        <xsd:annotation>
          <xsd:documentation>Parent Transaction ID</xsd:documentation>
        </xsd:annotation>
      </xsd:element>
      <xsd:element name="ACTION_DATE" type="xsd:dateTime" minOccurs="0">
        <xsd:annotation>
          <xsd:documentation>Action Date provided by client system</xsd:documentation>
        </xsd:annotation>
      </xsd:element>
      <xsd:element name="CHANGE_INFO" type="c:CHANGE_INFOType" minOccurs="0">
        <xsd:annotation>
          <xsd:documentation>See CHANGE_INFO type</xsd:documentation>
        </xsd:annotation>
      </xsd:element>
      <xsd:element name="REASON" type="xsd:token" minOccurs="0">
        <xsd:annotation>
          <xsd:documentation>Reason of the Action</xsd:documentation>
        </xsd:annotation>
      </xsd:element>
      <xsd:element name="APPLICATION_NAME" type="xsd:token" minOccurs="0">
        <xsd:annotation>
          <xsd:documentation>Application Name</xsd:documentation>
        </xsd:annotation>
      </xsd:element>
      <xsd:element name="HOSTNAME" type="xsd:token" minOccurs="0">
        <xsd:annotation>
          <xsd:documentation>Initiating host name or IP address</xsd:documentation>
        </xsd:annotation>
      </xsd:element>
      <xsd:element name="CHANNEL_NAME" type="xsd:token" minOccurs="0">
        <xsd:annotation>
          <xsd:documentation>Initiating domain channel name of the action</xsd:documentation>
        </xsd:annotation>
      </xsd:element>
      <xsd:element name="SIMULATION_FLAG" type="xsd:token" minOccurs="0">
        <xsd:annotation>
          <xsd:documentation>A true or yes indicates that the request will be
						executed but not committed</xsd:documentation>
        </xsd:annotation>
      </xsd:element>
      <xsd:element name="COMPRESSED" type="xsd:token" minOccurs="0">
        <xsd:annotation>
          <xsd:documentation>Indicates parent message contains compressed
						content</xsd:documentation>
        </xsd:annotation>
      </xsd:element>
      <xsd:element name="ATTRIBUTES" type="c:ATTRIBUTESTYPE" minOccurs="0" maxOccurs="unbounded">
        <xsd:annotation>
          <xsd:documentation>Attributes array that composed by name-value
						pairs using for information manners.</xsd:documentation>
        </xsd:annotation>
      </xsd:element>
    </xsd:sequence>
  </xsd:complexType>
  <xsd:complexType name="REQUEST_RETURNType">
    <xsd:annotation>
      <xsd:documentation>Request response related context information
				including data such as RETURN_CODE, DETAILED_RESULT
				information etc.</xsd:documentation>
    </xsd:annotation>
    <xsd:sequence>
      <xsd:element name="INTL_TXN_ID" type="xsd:long">
        <xsd:annotation>
          <xsd:documentation>Internal TXN ID</xsd:documentation>
        </xsd:annotation>
      </xsd:element>
      <xsd:element name="CLIENT_TXN_ID" minOccurs="0" type="xsd:token">
        <xsd:annotation>
          <xsd:documentation>Initiating domain Transaction ID of the action</xsd:documentation>
        </xsd:annotation>
      </xsd:element>
      <xsd:element name="RETURN_CODE" type="xsd:int">
        <xsd:annotation>
          <xsd:documentation>Numeric return code of the action. 0: success,
						negative: failure, positive: success with warning</xsd:documentation>
        </xsd:annotation>
      </xsd:element>
      <xsd:element name="WARNINGS" type="xsd:string" minOccurs="0" maxOccurs="unbounded"/>
    </xsd:sequence>
  </xsd:complexType>
  <xsd:complexType name="REQUEST_ERRORType">
    <xsd:annotation>
      <xsd:documentation>This will be fault type</xsd:documentation>
    </xsd:annotation>
    <xsd:sequence>
      <xsd:element name="INTL_TXN_ID" type="xsd:long">
        <xsd:annotation>
          <xsd:documentation>Internal TXN ID</xsd:documentation>
        </xsd:annotation>
      </xsd:element>
      <xsd:element name="CLIENT_TXN_ID" minOccurs="0" type="xsd:token">
        <xsd:annotation>
          <xsd:documentation>Initiating domain Transaction ID of the action</xsd:documentation>
        </xsd:annotation>
      </xsd:element>
      <xsd:element name="ERROR_CODE" type="xsd:int">
        <xsd:annotation>
          <xsd:documentation>Error Code</xsd:documentation>
        </xsd:annotation>
      </xsd:element>
      <xsd:element name="ERROR_SHORT_DES" type="xsd:string">
        <xsd:annotation>
          <xsd:documentation>Error Short Description</xsd:documentation>
        </xsd:annotation>
      </xsd:element>
      <xsd:element name="ERROR_LONG_DES" type="xsd:string" minOccurs="0">
        <xsd:annotation>
          <xsd:documentation>Error Long Description</xsd:documentation>
        </xsd:annotation>
      </xsd:element>
      <xsd:element name="STACKTRACE" type="xsd:string" minOccurs="0">
        <xsd:annotation>
          <xsd:documentation>This is printStackTrace output...</xsd:documentation>
        </xsd:annotation>
      </xsd:element>
      <xsd:element name="ERROR_ELEMENT_INDEX" type="xsd:int" minOccurs="0">
        <xsd:annotation>
          <xsd:documentation>In case of multiple requests this is the failing
						element index</xsd:documentation>
        </xsd:annotation>
      </xsd:element>
    </xsd:sequence>
  </xsd:complexType>
  <xsd:complexType name="REQUEST_INFOType">
    <xsd:annotation>
      <xsd:documentation>Detailed Information about the status of a request</xsd:documentation>
    </xsd:annotation>
    <xsd:sequence>
      <xsd:element name="REQUEST_HEADER" type="REQUEST_HEADERType">
        <xsd:annotation>
          <xsd:documentation>See REQUEST_HEADER type</xsd:documentation>
        </xsd:annotation>
      </xsd:element>
      <xsd:element name="REQUEST_RETURN" type="REQUEST_RETURNType" minOccurs="0">
        <xsd:annotation>
          <xsd:documentation>See REQUEST_RETURNType</xsd:documentation>
        </xsd:annotation>
      </xsd:element>
      <xsd:element name="REQUEST_ERROR" type="REQUEST_ERRORType" minOccurs="0">
        <xsd:annotation>
          <xsd:documentation>See REQUEST_ERRORType</xsd:documentation>
        </xsd:annotation>
      </xsd:element>
    </xsd:sequence>
  </xsd:complexType>
</xsd:schema>]]></con:content><con:type>http://www.w3.org/2001/XMLSchema</con:type></con:part><con:part><con:url>https://efaturatest.izibiz.com.tr:443/Reconciliation?xsd=3</con:url><con:content><![CDATA[<!--Published by JAX-WS RI at http://jax-ws.dev.java.net. RI's version is Metro/2.3 (tags/2.3-7528; 2013-04-29T19:34:10+0000) JAXWS-RI/2.2.8 JAXWS/2.2 svn-revision#unknown.-->
<xs:schema targetNamespace="http://www.w3.org/2005/05/xmlmime" version="1.0" xmlns:tns="http://www.w3.org/2005/05/xmlmime" xmlns:xs="http://www.w3.org/2001/XMLSchema">
  <xs:complexType name="base64Binary">
    <xs:simpleContent>
      <xs:extension base="xs:base64Binary">
        <xs:attribute ref="tns:contentType"/>
      </xs:extension>
    </xs:simpleContent>
  </xs:complexType>
  <xs:complexType name="hexBinary">
    <xs:simpleContent>
      <xs:extension base="xs:string">
        <xs:attribute ref="tns:contentType"/>
      </xs:extension>
    </xs:simpleContent>
  </xs:complexType>
  <xs:attribute name="contentType" type="xs:string"/>
</xs:schema>]]></con:content><con:type>http://www.w3.org/2001/XMLSchema</con:type></con:part></con:definitionCache><con:endpoints><con:endpoint>https://efaturatest.izibiz.com.tr:443/Reconciliation</con:endpoint></con:endpoints><con:operation id="d1e2da9f-60ed-4c9a-8496-2dcba762a21f" isOneWay="false" action="" name="GetBABSReconciliationStatus" bindingOperationName="GetBABSReconciliationStatus" type="Request-Response" inputName="" receivesAttachments="false" sendsAttachments="false" anonymous="optional"><con:settings/><con:call id="9259bb5a-8e62-4396-8892-2bf1b45f4b11" name="BA/BS Mutabakat Durum Sorgulama"><con:settings><con:setting id="com.eviware.soapui.impl.wsdl.WsdlRequest@request-headers">&lt;xml-fragment/></con:setting></con:settings><con:encoding>UTF-8</con:encoding><con:endpoint>https://efaturatest.izibiz.com.tr:443/Reconciliation</con:endpoint><con:request><![CDATA[<soapenv:Envelope xmlns:soapenv="http://schemas.xmlsoap.org/soap/envelope/" xmlns:rec="http://schemas.izibiz.com/ei/wsdl/reconciliation">
   <soapenv:Header/>
   <soapenv:Body>
      <rec:GetBABSReconciliationStatusRequest>
         <REQUEST_HEADER>
            <!--Aktif session bulunamadı hatası alınca Authentication.login metodu çağırılarak yeni oturum açılmalıdır.-->
            <SESSION_ID>4e5bea0c-4604-4c54-978c-a5b52bf0a52b</SESSION_ID>
            <APPLICATION_NAME>SOAPUI</APPLICATION_NAME>
            <CHANNEL_NAME>AQVILLA</CHANNEL_NAME>
         </REQUEST_HEADER>
         <RECONCILIATION_SEARCHING>
            <CUSTOMER_IDENTIFIER>1234567890</CUSTOMER_IDENTIFIER>
            <ACCOUNTING_PERIOD>201807</ACCOUNTING_PERIOD>
         </RECONCILIATION_SEARCHING>
      </rec:GetBABSReconciliationStatusRequest>
   </soapenv:Body>
</soapenv:Envelope>]]></con:request><con:credentials><con:authType>No Authorization</con:authType></con:credentials><con:jmsConfig JMSDeliveryMode="PERSISTENT"/><con:jmsPropertyConfig/><con:wsaConfig mustUnderstand="NONE" version="200508" action="http://schemas.izibiz.com/ei/wsdl/reconciliation/ReconciliationPort/GetBABSReconciliationStatusRequest"/><con:wsrmConfig version="1.2"/></con:call></con:operation><con:operation id="e7555ed8-99ce-4304-b5aa-0b4433e1ee01" isOneWay="false" action="" name="SendBABSReconciliation" bindingOperationName="SendBABSReconciliation" type="Request-Response" inputName="" receivesAttachments="false" sendsAttachments="false" anonymous="optional"><con:settings/><con:call id="ea82e4e7-5bba-4d14-b962-dc48c93902d9" name="BA/BS Mutabatakat Gönderme"><con:settings><con:setting id="com.eviware.soapui.impl.wsdl.WsdlRequest@request-headers">&lt;xml-fragment/></con:setting></con:settings><con:encoding>UTF-8</con:encoding><con:endpoint>https://efaturatest.izibiz.com.tr:443/Reconciliation</con:endpoint><con:request><![CDATA[<soapenv:Envelope xmlns:soapenv="http://schemas.xmlsoap.org/soap/envelope/" xmlns:rec="http://schemas.izibiz.com/ei/wsdl/reconciliation">
   <soapenv:Header/>
   <soapenv:Body>
      <rec:SendBABSReconciliationRequest>
         <REQUEST_HEADER>
            <!--Aktif session bulunamadı hatası alınca Authentication.login metodu çağırılarak yeni oturum açılmalıdır.-->
            <SESSION_ID>4e5bea0c-4604-4c54-978c-a5b52bf0a52b</SESSION_ID>
            <APPLICATION_NAME>SOAPUI</APPLICATION_NAME>
            <CHANNEL_NAME>AQVILLA</CHANNEL_NAME>
         </REQUEST_HEADER>
         <!--BA belge 5 adet ve 5000 tl , BS 2 adet ve 9000 tl-->
         <RECONCILIATION>
            <CUSTOMER_IDENTIFIER>4840847211</CUSTOMER_IDENTIFIER>
            <COMMERCIAL_NAME>İZİBİZ BİLİŞİM TEKNOLOJİLERİ</COMMERCIAL_NAME>
            <TAX_OFFICE>KÜÇÜKYALI</TAX_OFFICE>
            <CUSTOMER_ADDRESS>YTÜ DAVUTPAŞA KAMPÜSÜ</CUSTOMER_ADDRESS>
            <TELEFONE_NO>0 (212) 555 55 55</TELEFONE_NO>
            <FAX_NO>0 (212) 666 22 22</FAX_NO>
            <EMAIL>muhasebe@firma.com</EMAIL>
            <ACCOUNTING_PERIOD>201807</ACCOUNTING_PERIOD>
            <BA_DOCUMENT_COUNT>5</BA_DOCUMENT_COUNT>
            <BA_DOCUMENT_AMOUNT>5000</BA_DOCUMENT_AMOUNT>
            <BS_DOCUMENT_COUNT>2</BS_DOCUMENT_COUNT>
            <BS_DOCUMENT_AMOUNT>9000</BS_DOCUMENT_AMOUNT>
            <NOTE>BA/BS MUTAKAT NOTU</NOTE>
         </RECONCILIATION>
         <!--BA belge yok, BS 1 adet-->
         <RECONCILIATION>
            <CUSTOMER_IDENTIFIER>1234567890</CUSTOMER_IDENTIFIER>
            <COMMERCIAL_NAME>ABC LTD. ŞTİ</COMMERCIAL_NAME>
            <TAX_OFFICE>BÜYÜK MÜKELLEFLER</TAX_OFFICE>
            <CUSTOMER_ADDRESS>CUMHURİYET MAH. HÜRRİYET SOK. NO: 15</CUSTOMER_ADDRESS>
            <TELEFONE_NO>0 (212) 222 22 22</TELEFONE_NO>
            <FAX_NO>0 (212) 777 77 77</FAX_NO>
            <EMAIL>abc@firma.com</EMAIL>
            <ACCOUNTING_PERIOD>201807</ACCOUNTING_PERIOD>
            <BA_DOCUMENT_COUNT>0</BA_DOCUMENT_COUNT>
            <BA_DOCUMENT_AMOUNT>0</BA_DOCUMENT_AMOUNT>
            <BS_DOCUMENT_COUNT>1</BS_DOCUMENT_COUNT>
            <BS_DOCUMENT_AMOUNT>5500</BS_DOCUMENT_AMOUNT>
            <NOTE>BA/BS MUTAKAT NOTU</NOTE>
         </RECONCILIATION>
      </rec:SendBABSReconciliationRequest>
   </soapenv:Body>
</soapenv:Envelope>]]></con:request><con:credentials><con:authType>No Authorization</con:authType></con:credentials><con:jmsConfig JMSDeliveryMode="PERSISTENT"/><con:jmsPropertyConfig/><con:wsaConfig mustUnderstand="NONE" version="200508" action="http://schemas.izibiz.com/ei/wsdl/reconciliation/ReconciliationPort/SendBABSReconciliationRequest"/><con:wsrmConfig version="1.2"/></con:call></con:operation></con:interface><con:properties/><con:wssContainer/><con:oAuth2ProfileContainer/><con:oAuth1ProfileContainer/><con:sensitiveInformation/></con:soapui-project>